{"errors":{"0":[null,null,null],"1":[null,null,"________________\n1.2\t base: 9 idx20: d\u003d5 s\u003d1.167, eggr\u003d1.7 cryr\u003d1.7 antr\u003d1.7 mal\u003d0.8333333333333334\n0.0\t base: 9 idx5: d\u003d2 s\u003d0.0, eggr\u003d0 cryr\u003d3.3 antr\u003d3.3 mal\u003d0.3333333333333333\n0.0\t base: 9 idx4: d\u003d4 s\u003d0.0, eggr\u003d0 cryr\u003d2.0 antr\u003d2.0 mal\u003d0.6666666666666666\n0.0\t base: 9 idx15: d\u003d2 s\u003d0.0, eggr\u003d0 cryr\u003d3.3 antr\u003d3.3 mal\u003d0.3333333333333333\n0.0\t base: 9 idx14: d\u003d5 s\u003d0.0, eggr\u003d0 cryr\u003d3.3 antr\u003d1.7 mal\u003d0.8333333333333334\n0.0\t base: 9 idx12: d\u003d4 s\u003d0.0, eggr\u003d0 cryr\u003d2.0 antr\u003d2.0 mal\u003d0.6666666666666666\n________________\n3.7\t base: 16 idx21: d\u003d2 s\u003d3.667, eggr\u003d3.3 cryr\u003d3.3 antr\u003d3.3 mal\u003d0.3333333333333333\n0.0\t base: 16 idx13: d\u003d1 s\u003d0.0, eggr\u003d0 cryr\u003d5.0 antr\u003d5.0 mal\u003d0.16666666666666666\n"],"referee":["","",""]},"outputs":{"0":[null,null,null],"1":[null,null,"BEACON 9 1;BEACON 1 1;BEACON 11 1;BEACON 17 1;BEACON 12 1;BEACON 20 1;BEACON 16 1;BEACON 13 1;BEACON 21 1;BEACON 9 1;BEACON 1 1;BEACON 11 1;BEACON 17 1;BEACON 12 1;BEACON 20 1\n"],"referee":["","",""]},"summaries":["","","$0 has not provided 1 lines in time\n$1 has harvested 3 crystal from cell 13, scoring that many points.\n"],"views":["KEY_FRAME 0\n{\"global\":{\"graphics\":\"28;0 -1 0 2 0 0 -1;0 1 0 2 0 0 -1;2 0 0 2 0 0 -1;-2 0 0 2 0 0 -1;2 -1 42 2 0 0 -1;-2 1 42 2 0 0 -1;2 -2 0 2 0 0 -1;-2 2 0 2 0 0 -1;1 -2 0 2 10 0 0;-1 2 0 2 0 10 1;-1 -1 0 2 0 0 -1;1 1 0 2 0 0 -1;3 0 56 2 0 0 -1;-3 0 56 2 0 0 -1;3 -2 42 2 0 0 -1;-3 2 42 2 0 0 -1;-2 -1 0 2 0 10 1;2 1 0 2 10 0 0;4 0 0 2 0 0 -1;-4 0 0 2 0 0 -1;4 -1 25 1 0 0 -1;-4 1 25 1 0 0 -1;4 -2 0 2 0 0 -1;-4 2 0 2 0 0 -1;-2 -2 0 2 0 0 -1;2 2 0 2 0 0 -1;-3 -1 0 2 0 0 -1;3 1 0 2 0 0 -1\"},\"frame\":{\"duration\":500,\"graphics\":\"0;0;;;0 0 0 0 0 0 0 0 0 0 0 0 0 0 0 0 0 0 0 0 0 0 0 0 0 0 0 0;0 0 0 0 0 0 0 0 0 0 0 0 0 0 0 0 0 0 0 0 0 0 0 0 0 0 0 0;0\"}}\n","INTERMEDIATE_FRAME 1\n","KEY_FRAME 2\n{\"duration\":1000,\"graphics\":\"0;3;;;0 0 0 0 0 0 0 0 0 0 0 0 0 0 0 0 0 0 0 0 0 0 0 0 0 0 0 0;0 1 0 0 0 0 0 0 0 1 0 1 1 1 0 0 1 1 0 0 1 1 0 0 0 0 0 0;4;1;0;500;1;8;9;1;;1;0;500;1;2;16;10;;1;0;500;1;5;16;13;;2;500;1000;1;3;;;13 16\",\"endScreen\":[[-1,3],\"logo.png\",null]}\n"],"scores":{"0":-1,"1":3},"uinput":["seed\u003d778005185\n"],"metadata":"{}\n","tooltips":[{"turn":2,"text":"Timeout!","event":0}],"ids":{"0":0,"1":1},"agents":[{"index":0,"name":"./solutions/bin/bot","avatar":"https://static.codingame.com/servlet/fileservlet?id\u003d16085734516701\u0026format\u003dviewer_avatar","agentId":0},{"index":1,"name":"python solutions/bin/pybot_2905.py","avatar":"https://static.codingame.com/servlet/fileservlet?id\u003d16085846089817\u0026format\u003dviewer_avatar","agentId":1}]}